﻿,Exit,"Oct 20, 2025, 14:28",Exit Short TPI,"25,809.10 INR",,,,
,,,,,,,,
,,,,,,,,
3 Short,,,,,,,,
,Entry,"Oct 20, 2025, 14:21",Enter Short (market),"25,836.10 INR",,,,
,Exit,"Oct 20, 2025, 14:21",CloseAllBeforeShort,"25,836.10 INR",,,,
2 Long,,,,,,,,
,,,,,,,,
,Entry,"Oct 20, 2025, 13:34",Enter Long (market),"25,888.00 INR",,,,
,Exit,"Oct 20, 2025, 13:34",CloseAl IBeforeLong,"25,888.00 INR",,,,
1 Short,,,,,,,,
,,,,,,,,
,Entry,"Oct 20, 2025, 11:55",Enter Short (market),"25,841.85 INR",,,,
